{
      "Time": 1013.3987928442657,
      "before": {
            "train_corrupted": 32.07750269106566,
            "test_identity": 87.87,
            "test_corrupted": 31.979999999999997
      },
      "after": {
            "train_corrupted": 100.0,
            "test_identity": 83.19,
            "test_corrupted": 54.290000000000006
      }
}