{
      "Time": 582.8374678045511,
      "before": {
            "train_corrupted": 27.31829573934837,
            "test_identity": 97.87,
            "test_corrupted": 29.92
      },
      "after": {
            "train_corrupted": 100.0,
            "test_identity": 95.93,
            "test_corrupted": 60.01
      }
}