{
      "Time": 564.1225273571908,
      "before": {
            "train_corrupted": 75.25773195876289,
            "test_identity": 97.87,
            "test_corrupted": 29.92
      },
      "after": {
            "train_corrupted": 100.0,
            "test_identity": 96.46000000000001,
            "test_corrupted": 48.449999999999996
      }
}