{
      "Time": 10.076845150440931,
      "before": {
            "train_corrupted": 19.879518072289155,
            "test_identity": 81.04,
            "test_corrupted": 35.96
      },
      "after": {
            "train_corrupted": 100.0,
            "test_identity": 77.74,
            "test_corrupted": 38.7
      }
}