{
      "Time": 11.316514685750008,
      "before": {
            "train_corrupted": 62.96296296296296,
            "test_identity": 87.87,
            "test_corrupted": 31.979999999999997
      },
      "after": {
            "train_corrupted": 100.0,
            "test_identity": 85.19,
            "test_corrupted": 46.11
      }
}