{
      "Time": 7322.5588593408465,
      "before": {
            "train_corrupted": 37.21804511278196,
            "test_identity": 81.04,
            "test_corrupted": 35.96
      },
      "after": {
            "train_corrupted": 100.0,
            "test_identity": 72.18,
            "test_corrupted": 38.81
      }
}