{
      "Time": 4.574195899069309,
      "before": {
            "train_corrupted": 29.557713052858688,
            "test_identity": 97.87,
            "test_corrupted": 29.92
      },
      "after": {
            "train_corrupted": 100.0,
            "test_identity": 82.32000000000001,
            "test_corrupted": 72.91
      }
}