{
      "Time": 4.450124103575945,
      "before": {
            "train_corrupted": 36.12334801762114,
            "test_identity": 97.87,
            "test_corrupted": 29.92
      },
      "after": {
            "train_corrupted": 100.0,
            "test_identity": 91.07,
            "test_corrupted": 69.01
      }
}