{
      "Time": 1593.8366119228303,
      "before": {
            "train_corrupted": 33.33333333333333,
            "test_identity": 81.04,
            "test_corrupted": 35.96
      },
      "after": {
            "train_corrupted": 100.0,
            "test_identity": 79.13,
            "test_corrupted": 38.22
      }
}