{
      "Time": 20.645785428583622,
      "before": {
            "train_corrupted": 56.896551724137936,
            "test_identity": 81.04,
            "test_corrupted": 35.96
      },
      "after": {
            "train_corrupted": 100.0,
            "test_identity": 77.82,
            "test_corrupted": 39.290000000000006
      }
}