{
      "Time": 460.34461598470807,
      "before": {
            "train_corrupted": 10.727272727272727,
            "test_identity": 87.87,
            "test_corrupted": 31.979999999999997
      },
      "after": {
            "train_corrupted": 100.0,
            "test_identity": 84.57000000000001,
            "test_corrupted": 51.89
      }
}