{
      "Time": 774.6544589102268,
      "before": {
            "train_corrupted": 8.517350157728707,
            "test_identity": 97.87,
            "test_corrupted": 29.92
      },
      "after": {
            "train_corrupted": 100.0,
            "test_identity": 93.58,
            "test_corrupted": 68.47999999999999
      }
}