{
      "Time": 671.1504530794919,
      "before": {
            "train_corrupted": 6.923076923076923,
            "test_identity": 97.87,
            "test_corrupted": 29.92
      },
      "after": {
            "train_corrupted": 100.0,
            "test_identity": 95.45,
            "test_corrupted": 62.32
      }
}