{
      "Time": 4918.889464780688,
      "before": {
            "train_corrupted": 28.32618025751073,
            "test_identity": 81.04,
            "test_corrupted": 35.96
      },
      "after": {
            "train_corrupted": 100.0,
            "test_identity": 71.61,
            "test_corrupted": 38.31
      }
}