{
      "Time": 5.913720712065697,
      "before": {
            "train_corrupted": 22.037037037037038,
            "test_identity": 87.87,
            "test_corrupted": 31.979999999999997
      },
      "after": {
            "train_corrupted": 100.0,
            "test_identity": 74.53,
            "test_corrupted": 60.019999999999996
      }
}