{
      "Time": 1289.0325629785657,
      "before": {
            "train_corrupted": 24.77302204928664,
            "test_identity": 97.87,
            "test_corrupted": 29.92
      },
      "after": {
            "train_corrupted": 100.0,
            "test_identity": 93.87,
            "test_corrupted": 68.8
      }
}