{
      "Time": 7383.452710866928,
      "before": {
            "train_corrupted": 47.068145800316955,
            "test_identity": 81.04,
            "test_corrupted": 35.96
      },
      "after": {
            "train_corrupted": 100.0,
            "test_identity": 72.69,
            "test_corrupted": 39.300000000000004
      }
}