{
      "Time": 7.166413467377424,
      "before": {
            "train_corrupted": 27.0481144343303,
            "test_identity": 87.87,
            "test_corrupted": 31.979999999999997
      },
      "after": {
            "train_corrupted": 100.0,
            "test_identity": 71.67999999999999,
            "test_corrupted": 62.0
      }
}