{
      "Time": 7021.103195235133,
      "before": {
            "train_corrupted": 10.98169717138103,
            "test_identity": 81.04,
            "test_corrupted": 35.96
      },
      "after": {
            "train_corrupted": 100.0,
            "test_identity": 65.72,
            "test_corrupted": 38.45
      }
}