{
      "Time": 4663.664853215218,
      "before": {
            "train_corrupted": 16.5,
            "test_identity": 81.04,
            "test_corrupted": 35.96
      },
      "after": {
            "train_corrupted": 100.0,
            "test_identity": 71.39999999999999,
            "test_corrupted": 38.1
      }
}