{
      "Time": 476.3084586933255,
      "before": {
            "train_corrupted": 12.949640287769784,
            "test_identity": 97.87,
            "test_corrupted": 29.92
      },
      "after": {
            "train_corrupted": 100.0,
            "test_identity": 95.54,
            "test_corrupted": 62.35000000000001
      }
}