{
      "Time": 3.9852237068116665,
      "before": {
            "train_corrupted": 68.0365296803653,
            "test_identity": 87.87,
            "test_corrupted": 31.979999999999997
      },
      "after": {
            "train_corrupted": 100.0,
            "test_identity": 85.32,
            "test_corrupted": 46.1
      }
}