{
      "Time": 37.73938684910536,
      "before": {
            "train_corrupted": 10.98169717138103,
            "test_identity": 81.04,
            "test_corrupted": 35.96
      },
      "after": {
            "train_corrupted": 100.0,
            "test_identity": 73.42999999999999,
            "test_corrupted": 42.14
      }
}