{
      "Time": 26.347629137337208,
      "before": {
            "train_corrupted": 33.047210300429185,
            "test_identity": 81.04,
            "test_corrupted": 35.96
      },
      "after": {
            "train_corrupted": 100.0,
            "test_identity": 74.83999999999999,
            "test_corrupted": 41.94
      }
}