{
      "Time": 293.01074206084013,
      "before": {
            "train_corrupted": 24.119241192411923,
            "test_identity": 87.87,
            "test_corrupted": 31.979999999999997
      },
      "after": {
            "train_corrupted": 100.0,
            "test_identity": 86.50999999999999,
            "test_corrupted": 47.08
      }
}