{
      "Time": 6.139187406748533,
      "before": {
            "train_corrupted": 25.308641975308642,
            "test_identity": 97.87,
            "test_corrupted": 29.92
      },
      "after": {
            "train_corrupted": 100.0,
            "test_identity": 77.25,
            "test_corrupted": 73.81
      }
}