{
      "Time": 7.351314198225737,
      "before": {
            "train_corrupted": 24.08660351826793,
            "test_identity": 87.87,
            "test_corrupted": 31.979999999999997
      },
      "after": {
            "train_corrupted": 100.0,
            "test_identity": 71.2,
            "test_corrupted": 61.8
      }
}