{
      "Time": 2667.417125970125,
      "before": {
            "train_corrupted": 55.369127516778526,
            "test_identity": 81.04,
            "test_corrupted": 35.96
      },
      "after": {
            "train_corrupted": 100.0,
            "test_identity": 76.16000000000001,
            "test_corrupted": 37.63
      }
}