{
      "Time": 5.013140559196472,
      "before": {
            "train_corrupted": 15.874855156431057,
            "test_identity": 97.87,
            "test_corrupted": 29.92
      },
      "after": {
            "train_corrupted": 100.0,
            "test_identity": 76.82,
            "test_corrupted": 73.54
      }
}