{
      "Time": 15.762327171862125,
      "before": {
            "train_corrupted": 24.791418355184742,
            "test_identity": 87.87,
            "test_corrupted": 31.979999999999997
      },
      "after": {
            "train_corrupted": 100.0,
            "test_identity": 72.19,
            "test_corrupted": 61.82
      }
}