{
      "Time": 476.73219642043114,
      "before": {
            "train_corrupted": 8.550724637681158,
            "test_identity": 87.87,
            "test_corrupted": 31.979999999999997
      },
      "after": {
            "train_corrupted": 100.0,
            "test_identity": 82.78,
            "test_corrupted": 54.02
      }
}