{
      "Time": 3.5216928869485855,
      "before": {
            "train_corrupted": 22.043010752688172,
            "test_identity": 97.87,
            "test_corrupted": 29.92
      },
      "after": {
            "train_corrupted": 100.0,
            "test_identity": 93.8,
            "test_corrupted": 63.99
      }
}