{
      "Time": 9344.622980199754,
      "before": {
            "train_corrupted": 17.983651226158038,
            "test_identity": 81.04,
            "test_corrupted": 35.96
      },
      "after": {
            "train_corrupted": 100.0,
            "test_identity": 65.41,
            "test_corrupted": 38.79
      }
}