{
      "Time": 4.546721417456865,
      "before": {
            "train_corrupted": 40.407470288624786,
            "test_identity": 87.87,
            "test_corrupted": 31.979999999999997
      },
      "after": {
            "train_corrupted": 100.0,
            "test_identity": 79.47999999999999,
            "test_corrupted": 58.28
      }
}