{
      "Time": 432.3809630870819,
      "before": {
            "train_corrupted": 65.39379474940334,
            "test_identity": 97.87,
            "test_corrupted": 29.92
      },
      "after": {
            "train_corrupted": 100.0,
            "test_identity": 96.38,
            "test_corrupted": 53.81
      }
}