{
      "Time": 4759.303434878588,
      "before": {
            "train_corrupted": 22.863741339491916,
            "test_identity": 81.04,
            "test_corrupted": 35.96
      },
      "after": {
            "train_corrupted": 100.0,
            "test_identity": 71.50999999999999,
            "test_corrupted": 38.15
      }
}