{
      "Time": 5.226918160915375,
      "before": {
            "train_corrupted": 20.0734394124847,
            "test_identity": 97.87,
            "test_corrupted": 29.92
      },
      "after": {
            "train_corrupted": 100.0,
            "test_identity": 81.35,
            "test_corrupted": 72.44
      }
}