{
      "Time": 29.40227960422635,
      "before": {
            "train_corrupted": 14.132762312633835,
            "test_identity": 81.04,
            "test_corrupted": 35.96
      },
      "after": {
            "train_corrupted": 100.0,
            "test_identity": 74.9,
            "test_corrupted": 40.44
      }
}