{
      "Time": 687.8866188190877,
      "before": {
            "train_corrupted": 43.02554027504912,
            "test_identity": 97.87,
            "test_corrupted": 29.92
      },
      "after": {
            "train_corrupted": 100.0,
            "test_identity": 96.19,
            "test_corrupted": 60.24
      }
}