{
      "Time": 7.881934631615877,
      "before": {
            "train_corrupted": 30.5111821086262,
            "test_identity": 97.87,
            "test_corrupted": 29.92
      },
      "after": {
            "train_corrupted": 100.0,
            "test_identity": 90.96,
            "test_corrupted": 68.66
      }
}