{
      "Time": 12.597315099090338,
      "before": {
            "train_corrupted": 12.386706948640484,
            "test_identity": 97.87,
            "test_corrupted": 29.92
      },
      "after": {
            "train_corrupted": 100.0,
            "test_identity": 85.04,
            "test_corrupted": 69.22
      }
}