{
      "Time": 4.00439365208149,
      "before": {
            "train_corrupted": 14.304461942257218,
            "test_identity": 97.87,
            "test_corrupted": 29.92
      },
      "after": {
            "train_corrupted": 100.0,
            "test_identity": 81.72,
            "test_corrupted": 72.34
      }
}