{
      "Time": 1039.981240849942,
      "before": {
            "train_corrupted": 24.404761904761905,
            "test_identity": 97.87,
            "test_corrupted": 29.92
      },
      "after": {
            "train_corrupted": 100.0,
            "test_identity": 94.67,
            "test_corrupted": 66.31
      }
}