{
      "Time": 1.403269898146391,
      "before": {
            "train_corrupted": 60.22099447513812,
            "test_identity": 97.87,
            "test_corrupted": 29.92
      },
      "after": {
            "train_corrupted": 100.0,
            "test_identity": 96.22,
            "test_corrupted": 48.99
      }
}