{
      "Time": 896.8479672893882,
      "before": {
            "train_corrupted": 35.30961791831357,
            "test_identity": 87.87,
            "test_corrupted": 31.979999999999997
      },
      "after": {
            "train_corrupted": 100.0,
            "test_identity": 84.72,
            "test_corrupted": 51.92
      }
}