{
      "Time": 1167.62461733073,
      "before": {
            "train_corrupted": 3.5856573705179287,
            "test_identity": 97.87,
            "test_corrupted": 29.92
      },
      "after": {
            "train_corrupted": 100.0,
            "test_identity": 88.42999999999999,
            "test_corrupted": 71.95
      }
}