{
      "Time": 9.641536951065063,
      "before": {
            "train_corrupted": 79.28994082840237,
            "test_identity": 87.87,
            "test_corrupted": 31.979999999999997
      },
      "after": {
            "train_corrupted": 100.0,
            "test_identity": 85.89,
            "test_corrupted": 46.339999999999996
      }
}