{
      "Time": 246.52171564102173,
      "before": {
            "train_corrupted": 68.0365296803653,
            "test_identity": 87.87,
            "test_corrupted": 31.979999999999997
      },
      "after": {
            "train_corrupted": 100.0,
            "test_identity": 87.08,
            "test_corrupted": 40.23
      }
}