{
      "Time": 11138.8604731448,
      "before": {
            "train_corrupted": 4.700854700854701,
            "test_identity": 81.04,
            "test_corrupted": 35.96
      },
      "after": {
            "train_corrupted": 100.0,
            "test_identity": 61.59,
            "test_corrupted": 37.37
      }
}