{
      "Time": 28.558917339891195,
      "before": {
            "train_corrupted": 27.012278308321964,
            "test_identity": 81.04,
            "test_corrupted": 35.96
      },
      "after": {
            "train_corrupted": 100.0,
            "test_identity": 73.5,
            "test_corrupted": 42.04
      }
}