{
      "Time": 353.17755069583654,
      "before": {
            "train_corrupted": 55.9748427672956,
            "test_identity": 87.87,
            "test_corrupted": 31.979999999999997
      },
      "after": {
            "train_corrupted": 100.0,
            "test_identity": 86.81,
            "test_corrupted": 43.13
      }
}