{
      "Time": 1021.5500584430993,
      "before": {
            "train_corrupted": 4.448105436573312,
            "test_identity": 97.87,
            "test_corrupted": 29.92
      },
      "after": {
            "train_corrupted": 100.0,
            "test_identity": 93.46,
            "test_corrupted": 68.46
      }
}