{
      "Time": 1535.647679850459,
      "before": {
            "train_corrupted": 20.0734394124847,
            "test_identity": 97.87,
            "test_corrupted": 29.92
      },
      "after": {
            "train_corrupted": 100.0,
            "test_identity": 93.26,
            "test_corrupted": 69.41000000000001
      }
}