{
      "Time": 623.7118545137346,
      "before": {
            "train_corrupted": 53.131749460043196,
            "test_identity": 97.87,
            "test_corrupted": 29.92
      },
      "after": {
            "train_corrupted": 100.0,
            "test_identity": 96.46000000000001,
            "test_corrupted": 56.64
      }
}