{
      "Time": 8.942064333707094,
      "before": {
            "train_corrupted": 45.91679506933744,
            "test_identity": 87.87,
            "test_corrupted": 31.979999999999997
      },
      "after": {
            "train_corrupted": 100.0,
            "test_identity": 79.44,
            "test_corrupted": 58.03
      }
}