{
      "Time": 14.351227063685656,
      "before": {
            "train_corrupted": 12.291666666666666,
            "test_identity": 87.87,
            "test_corrupted": 31.979999999999997
      },
      "after": {
            "train_corrupted": 100.0,
            "test_identity": 73.85000000000001,
            "test_corrupted": 59.650000000000006
      }
}