{
      "Time": 5892.120443914086,
      "before": {
            "train_corrupted": 66.49874055415617,
            "test_identity": 81.04,
            "test_corrupted": 35.96
      },
      "after": {
            "train_corrupted": 100.0,
            "test_identity": 76.12,
            "test_corrupted": 37.769999999999996
      }
}