{
      "Time": 25.771934509277344,
      "before": {
            "train_corrupted": 52.659574468085104,
            "test_identity": 81.04,
            "test_corrupted": 35.96
      },
      "after": {
            "train_corrupted": 100.0,
            "test_identity": 76.84,
            "test_corrupted": 40.42
      }
}