{
      "Time": 4.243684306740761,
      "before": {
            "train_corrupted": 15.860735009671178,
            "test_identity": 97.87,
            "test_corrupted": 29.92
      },
      "after": {
            "train_corrupted": 100.0,
            "test_identity": 90.4,
            "test_corrupted": 68.11
      }
}