{
      "Time": 430.39826080575585,
      "before": {
            "train_corrupted": 72.6235741444867,
            "test_identity": 97.87,
            "test_corrupted": 29.92
      },
      "after": {
            "train_corrupted": 100.0,
            "test_identity": 96.25,
            "test_corrupted": 48.010000000000005
      }
}