{
      "Time": 10.761509578675032,
      "before": {
            "train_corrupted": 43.29563812600969,
            "test_identity": 87.87,
            "test_corrupted": 31.979999999999997
      },
      "after": {
            "train_corrupted": 100.0,
            "test_identity": 79.36999999999999,
            "test_corrupted": 58.13
      }
}