{
      "Time": 6520.172712679952,
      "before": {
            "train_corrupted": 29.151943462897528,
            "test_identity": 81.04,
            "test_corrupted": 35.96
      },
      "after": {
            "train_corrupted": 100.0,
            "test_identity": 69.62,
            "test_corrupted": 37.79
      }
}