{
      "Time": 14.162720385938883,
      "before": {
            "train_corrupted": 33.165829145728644,
            "test_identity": 81.04,
            "test_corrupted": 35.96
      },
      "after": {
            "train_corrupted": 100.0,
            "test_identity": 77.79,
            "test_corrupted": 38.76
      }
}