{
      "Time": 700.4884944334626,
      "before": {
            "train_corrupted": 22.00247218788628,
            "test_identity": 87.87,
            "test_corrupted": 31.979999999999997
      },
      "after": {
            "train_corrupted": 100.0,
            "test_identity": 83.00999999999999,
            "test_corrupted": 54.15
      }
}