{
      "Time": 623.2825997918844,
      "before": {
            "train_corrupted": 27.387802071346375,
            "test_identity": 87.87,
            "test_corrupted": 31.979999999999997
      },
      "after": {
            "train_corrupted": 100.0,
            "test_identity": 83.1,
            "test_corrupted": 54.03
      }
}