{
      "Time": 30.21466126292944,
      "before": {
            "train_corrupted": 22.857142857142858,
            "test_identity": 87.87,
            "test_corrupted": 31.979999999999997
      },
      "after": {
            "train_corrupted": 100.0,
            "test_identity": 70.02000000000001,
            "test_corrupted": 61.970000000000006
      }
}