{
      "Time": 25.517819188535213,
      "before": {
            "train_corrupted": 28.32618025751073,
            "test_identity": 81.04,
            "test_corrupted": 35.96
      },
      "after": {
            "train_corrupted": 100.0,
            "test_identity": 75.97,
            "test_corrupted": 41.0
      }
}