{
      "Time": 7.853345390409231,
      "before": {
            "train_corrupted": 11.25158027812895,
            "test_identity": 87.87,
            "test_corrupted": 31.979999999999997
      },
      "after": {
            "train_corrupted": 100.0,
            "test_identity": 68.08999999999999,
            "test_corrupted": 61.91
      }
}