{
      "Time": 4268.047587443143,
      "before": {
            "train_corrupted": 63.46153846153846,
            "test_identity": 81.04,
            "test_corrupted": 35.96
      },
      "after": {
            "train_corrupted": 100.0,
            "test_identity": 76.14999999999999,
            "test_corrupted": 37.7
      }
}