{
      "Time": 8.990560933947563,
      "before": {
            "train_corrupted": 32.07750269106566,
            "test_identity": 87.87,
            "test_corrupted": 31.979999999999997
      },
      "after": {
            "train_corrupted": 100.0,
            "test_identity": 73.27,
            "test_corrupted": 61.49
      }
}