{
      "Time": 1724.462766867131,
      "before": {
            "train_corrupted": 66.66666666666666,
            "test_identity": 81.04,
            "test_corrupted": 35.96
      },
      "after": {
            "train_corrupted": 100.0,
            "test_identity": 79.23,
            "test_corrupted": 38.41
      }
}