{
      "Time": 6.667721904814243,
      "before": {
            "train_corrupted": 22.00247218788628,
            "test_identity": 87.87,
            "test_corrupted": 31.979999999999997
      },
      "after": {
            "train_corrupted": 100.0,
            "test_identity": 72.67,
            "test_corrupted": 61.88
      }
}