{
      "Time": 6.18309785053134,
      "before": {
            "train_corrupted": 26.14035087719298,
            "test_identity": 87.87,
            "test_corrupted": 31.979999999999997
      },
      "after": {
            "train_corrupted": 100.0,
            "test_identity": 74.32,
            "test_corrupted": 60.040000000000006
      }
}