{
      "Time": 848.2181203253567,
      "before": {
            "train_corrupted": 5.046728971962617,
            "test_identity": 97.87,
            "test_corrupted": 29.92
      },
      "after": {
            "train_corrupted": 100.0,
            "test_identity": 94.32000000000001,
            "test_corrupted": 65.95
      }
}