{
      "Time": 753.7818053551018,
      "before": {
            "train_corrupted": 32.32810615199035,
            "test_identity": 87.87,
            "test_corrupted": 31.979999999999997
      },
      "after": {
            "train_corrupted": 100.0,
            "test_identity": 83.96000000000001,
            "test_corrupted": 52.73
      }
}