{
      "Time": 6.521786794066429,
      "before": {
            "train_corrupted": 17.404129793510325,
            "test_identity": 87.87,
            "test_corrupted": 31.979999999999997
      },
      "after": {
            "train_corrupted": 100.0,
            "test_identity": 78.45,
            "test_corrupted": 55.55
      }
}