{
      "Time": 2.6607891395688057,
      "before": {
            "train_corrupted": 33.48623853211009,
            "test_identity": 97.87,
            "test_corrupted": 29.92
      },
      "after": {
            "train_corrupted": 100.0,
            "test_identity": 91.02,
            "test_corrupted": 69.02000000000001
      }
}