{
      "Time": 1118.633388787508,
      "before": {
            "train_corrupted": 35.0383631713555,
            "test_identity": 97.87,
            "test_corrupted": 29.92
      },
      "after": {
            "train_corrupted": 100.0,
            "test_identity": 94.88,
            "test_corrupted": 66.63
      }
}