{
      "Time": 29.845817286521196,
      "before": {
            "train_corrupted": 17.983651226158038,
            "test_identity": 81.04,
            "test_corrupted": 35.96
      },
      "after": {
            "train_corrupted": 100.0,
            "test_identity": 72.38,
            "test_corrupted": 42.699999999999996
      }
}