{
      "Time": 31.510519672185183,
      "before": {
            "train_corrupted": 33.1,
            "test_identity": 81.04,
            "test_corrupted": 35.96
      },
      "after": {
            "train_corrupted": 100.0,
            "test_identity": 71.00999999999999,
            "test_corrupted": 42.66
      }
}