{
      "Time": 682.9451222904027,
      "before": {
            "train_corrupted": 45.91679506933744,
            "test_identity": 87.87,
            "test_corrupted": 31.979999999999997
      },
      "after": {
            "train_corrupted": 100.0,
            "test_identity": 86.16,
            "test_corrupted": 49.29
      }
}