{
      "Time": 30.38310245797038,
      "before": {
            "train_corrupted": 28.29581993569132,
            "test_identity": 81.04,
            "test_corrupted": 35.96
      },
      "after": {
            "train_corrupted": 100.0,
            "test_identity": 71.22,
            "test_corrupted": 42.79
      }
}