{
      "Time": 1480.6767627708614,
      "before": {
            "train_corrupted": 25.11467889908257,
            "test_identity": 97.87,
            "test_corrupted": 29.92
      },
      "after": {
            "train_corrupted": 100.0,
            "test_identity": 93.33,
            "test_corrupted": 69.86
      }
}