{
      "Time": 277.75946029275656,
      "before": {
            "train_corrupted": 17.159763313609467,
            "test_identity": 87.87,
            "test_corrupted": 31.979999999999997
      },
      "after": {
            "train_corrupted": 100.0,
            "test_identity": 86.85000000000001,
            "test_corrupted": 43.11
      }
}