{
      "Time": 5.40139240399003,
      "before": {
            "train_corrupted": 48.9051094890511,
            "test_identity": 87.87,
            "test_corrupted": 31.979999999999997
      },
      "after": {
            "train_corrupted": 100.0,
            "test_identity": 81.47999999999999,
            "test_corrupted": 55.400000000000006
      }
}