{
      "Time": 44.45385346934199,
      "before": {
            "train_corrupted": 36.550632911392405,
            "test_identity": 81.04,
            "test_corrupted": 35.96
      },
      "after": {
            "train_corrupted": 100.0,
            "test_identity": 75.26,
            "test_corrupted": 40.65
      }
}