{
      "Time": 8210.330826349556,
      "before": {
            "train_corrupted": 49.717514124293785,
            "test_identity": 81.04,
            "test_corrupted": 35.96
      },
      "after": {
            "train_corrupted": 100.0,
            "test_identity": 73.13,
            "test_corrupted": 39.07
      }
}