{
      "Time": 579.1996597833931,
      "before": {
            "train_corrupted": 24.08660351826793,
            "test_identity": 87.87,
            "test_corrupted": 31.979999999999997
      },
      "after": {
            "train_corrupted": 100.0,
            "test_identity": 83.87,
            "test_corrupted": 52.400000000000006
      }
}