{
      "Time": 2.731156896799803,
      "before": {
            "train_corrupted": 33.43558282208589,
            "test_identity": 97.87,
            "test_corrupted": 29.92
      },
      "after": {
            "train_corrupted": 100.0,
            "test_identity": 94.73,
            "test_corrupted": 59.75
      }
}