{
      "Time": 52.98387633636594,
      "before": {
            "train_corrupted": 45.21857923497268,
            "test_identity": 81.04,
            "test_corrupted": 35.96
      },
      "after": {
            "train_corrupted": 100.0,
            "test_identity": 75.03999999999999,
            "test_corrupted": 40.65
      }
}