{
      "Time": 430.91984168067575,
      "before": {
            "train_corrupted": 51.55709342560554,
            "test_identity": 87.87,
            "test_corrupted": 31.979999999999997
      },
      "after": {
            "train_corrupted": 100.0,
            "test_identity": 86.56,
            "test_corrupted": 47.12
      }
}