{
      "Time": 440.65378848835826,
      "before": {
            "train_corrupted": 33.068362480127185,
            "test_identity": 87.87,
            "test_corrupted": 31.979999999999997
      },
      "after": {
            "train_corrupted": 100.0,
            "test_identity": 84.92,
            "test_corrupted": 50.42
      }
}