{
      "Time": 8145.694053355604,
      "before": {
            "train_corrupted": 19.79010494752624,
            "test_identity": 81.04,
            "test_corrupted": 35.96
      },
      "after": {
            "train_corrupted": 100.0,
            "test_identity": 66.11,
            "test_corrupted": 38.68
      }
}