{
      "Time": 465.19783436506987,
      "before": {
            "train_corrupted": 79.28994082840237,
            "test_identity": 87.87,
            "test_corrupted": 31.979999999999997
      },
      "after": {
            "train_corrupted": 100.0,
            "test_identity": 87.21,
            "test_corrupted": 40.37
      }
}