{
      "Time": 6.643742747604847,
      "before": {
            "train_corrupted": 34.69150174621653,
            "test_identity": 87.87,
            "test_corrupted": 31.979999999999997
      },
      "after": {
            "train_corrupted": 100.0,
            "test_identity": 73.22,
            "test_corrupted": 61.72
      }
}