{
      "Time": 2.7804193757474422,
      "before": {
            "train_corrupted": 60.16483516483516,
            "test_identity": 97.87,
            "test_corrupted": 29.92
      },
      "after": {
            "train_corrupted": 100.0,
            "test_identity": 95.54,
            "test_corrupted": 56.49999999999999
      }
}