{
      "Time": 1075.1105391643941,
      "before": {
            "train_corrupted": 29.782082324455207,
            "test_identity": 97.87,
            "test_corrupted": 29.92
      },
      "after": {
            "train_corrupted": 100.0,
            "test_identity": 94.02000000000001,
            "test_corrupted": 68.94
      }
}