{
      "Time": 5.686943124979734,
      "before": {
            "train_corrupted": 32.08430913348946,
            "test_identity": 97.87,
            "test_corrupted": 29.92
      },
      "after": {
            "train_corrupted": 100.0,
            "test_identity": 85.85000000000001,
            "test_corrupted": 70.17
      }
}