{
      "Time": 6.398854706436396,
      "before": {
            "train_corrupted": 27.363737486095662,
            "test_identity": 97.87,
            "test_corrupted": 29.92
      },
      "after": {
            "train_corrupted": 100.0,
            "test_identity": 81.61,
            "test_corrupted": 72.44
      }
}