{
      "Time": 218.63590928539634,
      "before": {
            "train_corrupted": 36.12334801762114,
            "test_identity": 97.87,
            "test_corrupted": 29.92
      },
      "after": {
            "train_corrupted": 100.0,
            "test_identity": 96.14,
            "test_corrupted": 53.15
      }
}