{
      "Time": 7.293874237686396,
      "before": {
            "train_corrupted": 15.344827586206897,
            "test_identity": 87.87,
            "test_corrupted": 31.979999999999997
      },
      "after": {
            "train_corrupted": 100.0,
            "test_identity": 73.64,
            "test_corrupted": 60.4
      }
}