{
      "Time": 4.659913629293442,
      "before": {
            "train_corrupted": 36.17021276595745,
            "test_identity": 87.87,
            "test_corrupted": 31.979999999999997
      },
      "after": {
            "train_corrupted": 100.0,
            "test_identity": 83.0,
            "test_corrupted": 53.900000000000006
      }
}