{
      "Time": 349.02944714948535,
      "before": {
            "train_corrupted": 25.319148936170212,
            "test_identity": 87.87,
            "test_corrupted": 31.979999999999997
      },
      "after": {
            "train_corrupted": 100.0,
            "test_identity": 86.07000000000001,
            "test_corrupted": 49.01
      }
}