{
      "Time": 25.479182306677103,
      "before": {
            "train_corrupted": 24.75,
            "test_identity": 81.04,
            "test_corrupted": 35.96
      },
      "after": {
            "train_corrupted": 100.0,
            "test_identity": 72.43,
            "test_corrupted": 42.620000000000005
      }
}