{
      "Time": 790.1431623771787,
      "before": {
            "train_corrupted": 30.5111821086262,
            "test_identity": 97.87,
            "test_corrupted": 29.92
      },
      "after": {
            "train_corrupted": 100.0,
            "test_identity": 95.30999999999999,
            "test_corrupted": 64.42
      }
}