{
      "Time": 106.02270798385143,
      "before": {
            "train_corrupted": 27.27272727272727,
            "test_identity": 97.87,
            "test_corrupted": 29.92
      },
      "after": {
            "train_corrupted": 100.0,
            "test_identity": 96.08,
            "test_corrupted": 48.16
      }
}