{
      "Time": 24.405963987112045,
      "before": {
            "train_corrupted": 33.08270676691729,
            "test_identity": 81.04,
            "test_corrupted": 35.96
      },
      "after": {
            "train_corrupted": 100.0,
            "test_identity": 76.51,
            "test_corrupted": 40.26
      }
}