{
      "Time": 853.8203918784857,
      "before": {
            "train_corrupted": 29.810901001112345,
            "test_identity": 87.87,
            "test_corrupted": 31.979999999999997
      },
      "after": {
            "train_corrupted": 100.0,
            "test_identity": 83.22,
            "test_corrupted": 54.25
      }
}