{
      "Time": 433.8071274533868,
      "before": {
            "train_corrupted": 7.631578947368421,
            "test_identity": 87.87,
            "test_corrupted": 31.979999999999997
      },
      "after": {
            "train_corrupted": 100.0,
            "test_identity": 85.96000000000001,
            "test_corrupted": 48.74
      }
}