{
      "Time": 13.653906840831041,
      "before": {
            "train_corrupted": 14.163090128755366,
            "test_identity": 81.04,
            "test_corrupted": 35.96
      },
      "after": {
            "train_corrupted": 100.0,
            "test_identity": 77.3,
            "test_corrupted": 39.34
      }
}