{
      "Time": 12.75070147588849,
      "before": {
            "train_corrupted": 77.77777777777779,
            "test_identity": 81.04,
            "test_corrupted": 35.96
      },
      "after": {
            "train_corrupted": 100.0,
            "test_identity": 79.89,
            "test_corrupted": 38.51
      }
}