{
      "Time": 3.8563926592469215,
      "before": {
            "train_corrupted": 23.95104895104895,
            "test_identity": 97.87,
            "test_corrupted": 29.92
      },
      "after": {
            "train_corrupted": 100.0,
            "test_identity": 90.45,
            "test_corrupted": 68.26
      }
}