{
      "Time": 7.906398694962263,
      "before": {
            "train_corrupted": 36.12334801762114,
            "test_identity": 97.87,
            "test_corrupted": 29.92
      },
      "after": {
            "train_corrupted": 100.0,
            "test_identity": 95.38,
            "test_corrupted": 55.69
      }
}