{
      "Time": 43.90784073993564,
      "before": {
            "train_corrupted": 53.596287703016245,
            "test_identity": 81.04,
            "test_corrupted": 35.96
      },
      "after": {
            "train_corrupted": 100.0,
            "test_identity": 77.91,
            "test_corrupted": 39.269999999999996
      }
}