{
      "Time": 2753.521370626986,
      "before": {
            "train_corrupted": 49.81132075471698,
            "test_identity": 81.04,
            "test_corrupted": 35.96
      },
      "after": {
            "train_corrupted": 100.0,
            "test_identity": 76.27000000000001,
            "test_corrupted": 37.830000000000005
      }
}