{
      "Time": 322.37020522356033,
      "before": {
            "train_corrupted": 36.17021276595745,
            "test_identity": 87.87,
            "test_corrupted": 31.979999999999997
      },
      "after": {
            "train_corrupted": 100.0,
            "test_identity": 86.50999999999999,
            "test_corrupted": 45.14
      }
}