{
      "Time": 16.95389971509576,
      "before": {
            "train_corrupted": 66.49874055415617,
            "test_identity": 81.04,
            "test_corrupted": 35.96
      },
      "after": {
            "train_corrupted": 100.0,
            "test_identity": 78.31,
            "test_corrupted": 38.92
      }
}