{
      "Time": 853.5005792826414,
      "before": {
            "train_corrupted": 37.76932826362484,
            "test_identity": 87.87,
            "test_corrupted": 31.979999999999997
      },
      "after": {
            "train_corrupted": 100.0,
            "test_identity": 84.71,
            "test_corrupted": 52.16
      }
}