{
      "Time": 807.8191204331815,
      "before": {
            "train_corrupted": 21.240310077519382,
            "test_identity": 97.87,
            "test_corrupted": 29.92
      },
      "after": {
            "train_corrupted": 100.0,
            "test_identity": 94.5,
            "test_corrupted": 66.13
      }
}