{
      "Time": 309.1640727855265,
      "before": {
            "train_corrupted": 49.760765550239235,
            "test_identity": 87.87,
            "test_corrupted": 31.979999999999997
      },
      "after": {
            "train_corrupted": 100.0,
            "test_identity": 86.49,
            "test_corrupted": 45.190000000000005
      }
}