{
      "Time": 637.1716638840735,
      "before": {
            "train_corrupted": 4.393939393939394,
            "test_identity": 87.87,
            "test_corrupted": 31.979999999999997
      },
      "after": {
            "train_corrupted": 100.0,
            "test_identity": 82.85,
            "test_corrupted": 53.73
      }
}