{
      "Time": 4.906470779329538,
      "before": {
            "train_corrupted": 59.77011494252874,
            "test_identity": 87.87,
            "test_corrupted": 31.979999999999997
      },
      "after": {
            "train_corrupted": 100.0,
            "test_identity": 83.49,
            "test_corrupted": 50.970000000000006
      }
}