{
      "Time": 1621.6133838035166,
      "before": {
            "train_corrupted": 60.0,
            "test_identity": 81.04,
            "test_corrupted": 35.96
      },
      "after": {
            "train_corrupted": 100.0,
            "test_identity": 78.95,
            "test_corrupted": 38.440000000000005
      }
}