{
      "Time": 929.7638662159443,
      "before": {
            "train_corrupted": 25.319148936170212,
            "test_identity": 87.87,
            "test_corrupted": 31.979999999999997
      },
      "after": {
            "train_corrupted": 100.0,
            "test_identity": 83.05,
            "test_corrupted": 54.730000000000004
      }
}