{
      "Time": 1022.3506577126682,
      "before": {
            "train_corrupted": 15.820029027576195,
            "test_identity": 97.87,
            "test_corrupted": 29.92
      },
      "after": {
            "train_corrupted": 100.0,
            "test_identity": 93.76,
            "test_corrupted": 68.56
      }
}