{
      "Time": 376.13824540376663,
      "before": {
            "train_corrupted": 9.516129032258064,
            "test_identity": 87.87,
            "test_corrupted": 31.979999999999997
      },
      "after": {
            "train_corrupted": 100.0,
            "test_identity": 83.85000000000001,
            "test_corrupted": 52.53
      }
}