{
      "Time": 3.4778388999402523,
      "before": {
            "train_corrupted": 27.32474964234621,
            "test_identity": 97.87,
            "test_corrupted": 29.92
      },
      "after": {
            "train_corrupted": 100.0,
            "test_identity": 89.16,
            "test_corrupted": 68.66
      }
}