{
      "Time": 561.7386543601751,
      "before": {
            "train_corrupted": 43.044619422572175,
            "test_identity": 97.87,
            "test_corrupted": 29.92
      },
      "after": {
            "train_corrupted": 100.0,
            "test_identity": 95.94,
            "test_corrupted": 56.31
      }
}