{
      "Time": 5.2360690124332905,
      "before": {
            "train_corrupted": 6.444444444444445,
            "test_identity": 87.87,
            "test_corrupted": 31.979999999999997
      },
      "after": {
            "train_corrupted": 100.0,
            "test_identity": 74.00999999999999,
            "test_corrupted": 59.51
      }
}