{
      "Time": 759.6486607268453,
      "before": {
            "train_corrupted": 41.44645340751043,
            "test_identity": 87.87,
            "test_corrupted": 31.979999999999997
      },
      "after": {
            "train_corrupted": 100.0,
            "test_identity": 84.89999999999999,
            "test_corrupted": 50.74999999999999
      }
}