{
      "Time": 298.4001765102148,
      "before": {
            "train_corrupted": 74.82014388489209,
            "test_identity": 87.87,
            "test_corrupted": 31.979999999999997
      },
      "after": {
            "train_corrupted": 100.0,
            "test_identity": 87.15,
            "test_corrupted": 40.31
      }
}