{
      "Time": 407.00751726701856,
      "before": {
            "train_corrupted": 77.27272727272727,
            "test_identity": 87.87,
            "test_corrupted": 31.979999999999997
      },
      "after": {
            "train_corrupted": 100.0,
            "test_identity": 87.08,
            "test_corrupted": 40.38
      }
}