{
      "Time": 1.6496733017265797,
      "before": {
            "train_corrupted": 42.857142857142854,
            "test_identity": 97.87,
            "test_corrupted": 29.92
      },
      "after": {
            "train_corrupted": 100.0,
            "test_identity": 95.98,
            "test_corrupted": 48.88
      }
}