{
      "Time": 24.0019993185997,
      "before": {
            "train_corrupted": 35.30961791831357,
            "test_identity": 87.87,
            "test_corrupted": 31.979999999999997
      },
      "after": {
            "train_corrupted": 100.0,
            "test_identity": 75.79,
            "test_corrupted": 60.699999999999996
      }
}