{
      "Time": 5.36974173784256,
      "before": {
            "train_corrupted": 68.0365296803653,
            "test_identity": 87.87,
            "test_corrupted": 31.979999999999997
      },
      "after": {
            "train_corrupted": 100.0,
            "test_identity": 83.50999999999999,
            "test_corrupted": 51.23
      }
}