{
      "Time": 6485.407219745219,
      "before": {
            "train_corrupted": 42.58064516129032,
            "test_identity": 81.04,
            "test_corrupted": 35.96
      },
      "after": {
            "train_corrupted": 100.0,
            "test_identity": 72.5,
            "test_corrupted": 38.58
      }
}