{
      "Time": 6415.7799587883055,
      "before": {
            "train_corrupted": 12.359550561797752,
            "test_identity": 81.04,
            "test_corrupted": 35.96
      },
      "after": {
            "train_corrupted": 100.0,
            "test_identity": 67.62,
            "test_corrupted": 37.95
      }
}