{
      "Time": 3.847856242209673,
      "before": {
            "train_corrupted": 36.12334801762114,
            "test_identity": 97.87,
            "test_corrupted": 29.92
      },
      "after": {
            "train_corrupted": 100.0,
            "test_identity": 94.08,
            "test_corrupted": 63.92
      }
}