{
      "Time": 27.047097478061914,
      "before": {
            "train_corrupted": 38.22170900692841,
            "test_identity": 81.04,
            "test_corrupted": 35.96
      },
      "after": {
            "train_corrupted": 100.0,
            "test_identity": 73.59,
            "test_corrupted": 42.730000000000004
      }
}