{
      "Time": 20.52272517234087,
      "before": {
            "train_corrupted": 62.96296296296296,
            "test_identity": 87.87,
            "test_corrupted": 31.979999999999997
      },
      "after": {
            "train_corrupted": 100.0,
            "test_identity": 83.56,
            "test_corrupted": 51.559999999999995
      }
}