{
      "Time": 2.422227133065462,
      "before": {
            "train_corrupted": 27.1356783919598,
            "test_identity": 97.87,
            "test_corrupted": 29.92
      },
      "after": {
            "train_corrupted": 100.0,
            "test_identity": 95.39,
            "test_corrupted": 55.69
      }
}