{
      "Time": 3.8100656159222126,
      "before": {
            "train_corrupted": 9.608540925266903,
            "test_identity": 97.87,
            "test_corrupted": 29.92
      },
      "after": {
            "train_corrupted": 100.0,
            "test_identity": 88.8,
            "test_corrupted": 67.93
      }
}