{
      "Time": 548.2000903561711,
      "before": {
            "train_corrupted": 7.752956636005257,
            "test_identity": 87.87,
            "test_corrupted": 31.979999999999997
      },
      "after": {
            "train_corrupted": 100.0,
            "test_identity": 82.55,
            "test_corrupted": 53.92
      }
}