{
      "Time": 849.839404951781,
      "before": {
            "train_corrupted": 37.628865979381445,
            "test_identity": 97.87,
            "test_corrupted": 29.92
      },
      "after": {
            "train_corrupted": 100.0,
            "test_identity": 95.77,
            "test_corrupted": 62.57
      }
}