{
      "Time": 14.790021389722824,
      "before": {
            "train_corrupted": 49.81132075471698,
            "test_identity": 81.04,
            "test_corrupted": 35.96
      },
      "after": {
            "train_corrupted": 100.0,
            "test_identity": 77.88000000000001,
            "test_corrupted": 38.74
      }
}