{
      "Time": 11.799739964306355,
      "before": {
            "train_corrupted": 58.661417322834644,
            "test_identity": 87.87,
            "test_corrupted": 31.979999999999997
      },
      "after": {
            "train_corrupted": 100.0,
            "test_identity": 83.46000000000001,
            "test_corrupted": 53.580000000000005
      }
}