{
      "Time": 22.77926030382514,
      "before": {
            "train_corrupted": 46.3855421686747,
            "test_identity": 81.04,
            "test_corrupted": 35.96
      },
      "after": {
            "train_corrupted": 100.0,
            "test_identity": 76.78,
            "test_corrupted": 40.25
      }
}