{
      "Time": 4212.452436819673,
      "before": {
            "train_corrupted": 59.818731117824775,
            "test_identity": 81.04,
            "test_corrupted": 35.96
      },
      "after": {
            "train_corrupted": 100.0,
            "test_identity": 76.23,
            "test_corrupted": 37.519999999999996
      }
}