{
      "Time": 4.851357378065586,
      "before": {
            "train_corrupted": 29.76588628762542,
            "test_identity": 87.87,
            "test_corrupted": 31.979999999999997
      },
      "after": {
            "train_corrupted": 100.0,
            "test_identity": 82.94,
            "test_corrupted": 53.38
      }
}