{
      "Time": 4524.2213264629245,
      "before": {
            "train_corrupted": 33.08270676691729,
            "test_identity": 81.04,
            "test_corrupted": 35.96
      },
      "after": {
            "train_corrupted": 100.0,
            "test_identity": 72.18,
            "test_corrupted": 37.87
      }
}