{
      "Time": 2012.3999988809228,
      "before": {
            "train_corrupted": 20.828789531079607,
            "test_identity": 97.87,
            "test_corrupted": 29.92
      },
      "after": {
            "train_corrupted": 100.0,
            "test_identity": 89.59,
            "test_corrupted": 72.3
      }
}