{
      "Time": 32.95194648951292,
      "before": {
            "train_corrupted": 47.068145800316955,
            "test_identity": 81.04,
            "test_corrupted": 35.96
      },
      "after": {
            "train_corrupted": 100.0,
            "test_identity": 76.59,
            "test_corrupted": 40.56
      }
}