{
      "Time": 28.638882230967283,
      "before": {
            "train_corrupted": 44.14715719063545,
            "test_identity": 81.04,
            "test_corrupted": 35.96
      },
      "after": {
            "train_corrupted": 100.0,
            "test_identity": 76.12,
            "test_corrupted": 40.67
      }
}