{
      "Time": 368.7847855500877,
      "before": {
            "train_corrupted": 19.92619926199262,
            "test_identity": 97.87,
            "test_corrupted": 29.92
      },
      "after": {
            "train_corrupted": 100.0,
            "test_identity": 95.92,
            "test_corrupted": 56.24
      }
}