{
      "Time": 4.921002574265003,
      "before": {
            "train_corrupted": 51.55709342560554,
            "test_identity": 87.87,
            "test_corrupted": 31.979999999999997
      },
      "after": {
            "train_corrupted": 100.0,
            "test_identity": 83.13000000000001,
            "test_corrupted": 51.68000000000001
      }
}