{
      "Time": 536.9292417131364,
      "before": {
            "train_corrupted": 40.407470288624786,
            "test_identity": 87.87,
            "test_corrupted": 31.979999999999997
      },
      "after": {
            "train_corrupted": 100.0,
            "test_identity": 86.08,
            "test_corrupted": 49.01
      }
}