{
      "Time": 6.134350888431072,
      "before": {
            "train_corrupted": 24.119241192411923,
            "test_identity": 87.87,
            "test_corrupted": 31.979999999999997
      },
      "after": {
            "train_corrupted": 100.0,
            "test_identity": 79.60000000000001,
            "test_corrupted": 55.779999999999994
      }
}