{
      "Time": 4.6459320187568665,
      "before": {
            "train_corrupted": 22.630331753554504,
            "test_identity": 97.87,
            "test_corrupted": 29.92
      },
      "after": {
            "train_corrupted": 100.0,
            "test_identity": 81.35,
            "test_corrupted": 72.44
      }
}