{
      "Time": 293.11068553477526,
      "before": {
            "train_corrupted": 38.864628820960704,
            "test_identity": 87.87,
            "test_corrupted": 31.979999999999997
      },
      "after": {
            "train_corrupted": 100.0,
            "test_identity": 86.85000000000001,
            "test_corrupted": 43.11
      }
}