{
      "Time": 190.58897820487618,
      "before": {
            "train_corrupted": 27.1356783919598,
            "test_identity": 97.87,
            "test_corrupted": 29.92
      },
      "after": {
            "train_corrupted": 100.0,
            "test_identity": 96.14,
            "test_corrupted": 53.15
      }
}