{
      "Time": 8359.008482061327,
      "before": {
            "train_corrupted": 33.0550918196995,
            "test_identity": 81.04,
            "test_corrupted": 35.96
      },
      "after": {
            "train_corrupted": 100.0,
            "test_identity": 69.99,
            "test_corrupted": 38.03
      }
}