{
      "Time": 1251.8777599707246,
      "before": {
            "train_corrupted": 19.107391910739192,
            "test_identity": 97.87,
            "test_corrupted": 29.92
      },
      "after": {
            "train_corrupted": 100.0,
            "test_identity": 93.78,
            "test_corrupted": 68.58
      }
}