{
      "Time": 2164.217898502946,
      "before": {
            "train_corrupted": 33.165829145728644,
            "test_identity": 81.04,
            "test_corrupted": 35.96
      },
      "after": {
            "train_corrupted": 100.0,
            "test_identity": 76.25,
            "test_corrupted": 37.71
      }
}