{
      "Time": 5.0272485204041,
      "before": {
            "train_corrupted": 38.645980253878705,
            "test_identity": 97.87,
            "test_corrupted": 29.92
      },
      "after": {
            "train_corrupted": 100.0,
            "test_identity": 91.34,
            "test_corrupted": 68.62
      }
}