{
      "Time": 4.252951301634312,
      "before": {
            "train_corrupted": 5.046728971962617,
            "test_identity": 97.87,
            "test_corrupted": 29.92
      },
      "after": {
            "train_corrupted": 100.0,
            "test_identity": 88.29,
            "test_corrupted": 67.51
      }
}