{
      "Time": 520.5505923330784,
      "before": {
            "train_corrupted": 38.70056497175141,
            "test_identity": 97.87,
            "test_corrupted": 29.92
      },
      "after": {
            "train_corrupted": 100.0,
            "test_identity": 95.94,
            "test_corrupted": 56.169999999999995
      }
}