{
      "Time": 257.59322161599994,
      "before": {
            "train_corrupted": 62.96296296296296,
            "test_identity": 87.87,
            "test_corrupted": 31.979999999999997
      },
      "after": {
            "train_corrupted": 100.0,
            "test_identity": 87.11,
            "test_corrupted": 40.26
      }
}