{
      "Time": 6.423200190067291,
      "before": {
            "train_corrupted": 29.799999999999997,
            "test_identity": 87.87,
            "test_corrupted": 31.979999999999997
      },
      "after": {
            "train_corrupted": 100.0,
            "test_identity": 72.1,
            "test_corrupted": 61.51
      }
}