{
      "Time": 8.260275848209858,
      "before": {
            "train_corrupted": 17.45098039215686,
            "test_identity": 87.87,
            "test_corrupted": 31.979999999999997
      },
      "after": {
            "train_corrupted": 100.0,
            "test_identity": 74.48,
            "test_corrupted": 60.34
      }
}