{
      "Time": 3.7971781231462955,
      "before": {
            "train_corrupted": 6.923076923076923,
            "test_identity": 97.87,
            "test_corrupted": 29.92
      },
      "after": {
            "train_corrupted": 100.0,
            "test_identity": 75.81,
            "test_corrupted": 72.13000000000001
      }
}