{
      "Time": 30.634502325206995,
      "before": {
            "train_corrupted": 33.06613226452906,
            "test_identity": 81.04,
            "test_corrupted": 35.96
      },
      "after": {
            "train_corrupted": 100.0,
            "test_identity": 75.97,
            "test_corrupted": 40.83
      }
}