{
      "Time": 5.54622046276927,
      "before": {
            "train_corrupted": 20.227272727272727,
            "test_identity": 87.87,
            "test_corrupted": 31.979999999999997
      },
      "after": {
            "train_corrupted": 100.0,
            "test_identity": 78.33,
            "test_corrupted": 58.089999999999996
      }
}