{
      "Time": 737.9059551879764,
      "before": {
            "train_corrupted": 48.58156028368794,
            "test_identity": 97.87,
            "test_corrupted": 29.92
      },
      "after": {
            "train_corrupted": 100.0,
            "test_identity": 96.26,
            "test_corrupted": 60.519999999999996
      }
}