{
      "Time": 361.29056123644114,
      "before": {
            "train_corrupted": 15.344827586206897,
            "test_identity": 87.87,
            "test_corrupted": 31.979999999999997
      },
      "after": {
            "train_corrupted": 100.0,
            "test_identity": 84.59,
            "test_corrupted": 52.019999999999996
      }
}