{
      "Time": 3.4387131594121456,
      "before": {
            "train_corrupted": 32.62599469496021,
            "test_identity": 97.87,
            "test_corrupted": 29.92
      },
      "after": {
            "train_corrupted": 100.0,
            "test_identity": 89.21,
            "test_corrupted": 69.19
      }
}