{
      "Time": 466.2005121745169,
      "before": {
            "train_corrupted": 17.5,
            "test_identity": 87.87,
            "test_corrupted": 31.979999999999997
      },
      "after": {
            "train_corrupted": 100.0,
            "test_identity": 83.78999999999999,
            "test_corrupted": 52.33
      }
}