{
      "Time": 6.339473094791174,
      "before": {
            "train_corrupted": 36.11532625189681,
            "test_identity": 87.87,
            "test_corrupted": 31.979999999999997
      },
      "after": {
            "train_corrupted": 100.0,
            "test_identity": 76.99000000000001,
            "test_corrupted": 60.57
      }
}