{
      "Time": 1282.9951005727053,
      "before": {
            "train_corrupted": 29.799999999999997,
            "test_identity": 87.87,
            "test_corrupted": 31.979999999999997
      },
      "after": {
            "train_corrupted": 100.0,
            "test_identity": 83.02000000000001,
            "test_corrupted": 54.99000000000001
      }
}