{
      "Time": 5.432711809873581,
      "before": {
            "train_corrupted": 65.68627450980392,
            "test_identity": 87.87,
            "test_corrupted": 31.979999999999997
      },
      "after": {
            "train_corrupted": 100.0,
            "test_identity": 83.62,
            "test_corrupted": 51.42
      }
}