{
      "Time": 3.1577084064483643,
      "before": {
            "train_corrupted": 12.133891213389122,
            "test_identity": 87.87,
            "test_corrupted": 31.979999999999997
      },
      "after": {
            "train_corrupted": 100.0,
            "test_identity": 80.07,
            "test_corrupted": 53.47
      }
}