{
      "Time": 5.142751466482878,
      "before": {
            "train_corrupted": 38.864628820960704,
            "test_identity": 87.87,
            "test_corrupted": 31.979999999999997
      },
      "after": {
            "train_corrupted": 100.0,
            "test_identity": 83.17999999999999,
            "test_corrupted": 50.99
      }
}