{
      "Time": 523.1971113458276,
      "before": {
            "train_corrupted": 19.102564102564102,
            "test_identity": 87.87,
            "test_corrupted": 31.979999999999997
      },
      "after": {
            "train_corrupted": 100.0,
            "test_identity": 82.97,
            "test_corrupted": 54.09
      }
}