{
      "Time": 206.42605454102159,
      "before": {
            "train_corrupted": 29.64824120603015,
            "test_identity": 87.87,
            "test_corrupted": 31.979999999999997
      },
      "after": {
            "train_corrupted": 100.0,
            "test_identity": 86.85000000000001,
            "test_corrupted": 43.11
      }
}