{
      "Time": 2085.494936119765,
      "before": {
            "train_corrupted": 19.879518072289155,
            "test_identity": 81.04,
            "test_corrupted": 35.96
      },
      "after": {
            "train_corrupted": 100.0,
            "test_identity": 76.09,
            "test_corrupted": 37.669999999999995
      }
}