{
      "Time": 8544.635086387396,
      "before": {
            "train_corrupted": 15.615141955835963,
            "test_identity": 81.04,
            "test_corrupted": 35.96
      },
      "after": {
            "train_corrupted": 100.0,
            "test_identity": 66.12,
            "test_corrupted": 38.73
      }
}