{
      "Time": 2.41893894597888,
      "before": {
            "train_corrupted": 42.91338582677165,
            "test_identity": 97.87,
            "test_corrupted": 29.92
      },
      "after": {
            "train_corrupted": 100.0,
            "test_identity": 95.43,
            "test_corrupted": 55.82
      }
}