{
      "Time": 765.2159094177186,
      "before": {
            "train_corrupted": 45.8955223880597,
            "test_identity": 97.87,
            "test_corrupted": 29.92
      },
      "after": {
            "train_corrupted": 100.0,
            "test_identity": 96.25,
            "test_corrupted": 60.4
      }
}