{
      "Time": 12.75789150968194,
      "before": {
            "train_corrupted": 42.672413793103445,
            "test_identity": 81.04,
            "test_corrupted": 35.96
      },
      "after": {
            "train_corrupted": 100.0,
            "test_identity": 77.85,
            "test_corrupted": 38.67
      }
}