{
      "Time": 1107.3168076574802,
      "before": {
            "train_corrupted": 36.12334801762114,
            "test_identity": 97.87,
            "test_corrupted": 29.92
      },
      "after": {
            "train_corrupted": 100.0,
            "test_identity": 95.52000000000001,
            "test_corrupted": 64.64999999999999
      }
}