{
      "Time": 1003.4096798226237,
      "before": {
            "train_corrupted": 12.386706948640484,
            "test_identity": 97.87,
            "test_corrupted": 29.92
      },
      "after": {
            "train_corrupted": 100.0,
            "test_identity": 93.75,
            "test_corrupted": 68.54
      }
}