{
      "Time": 4.901080057024956,
      "before": {
            "train_corrupted": 23.174603174603174,
            "test_identity": 97.87,
            "test_corrupted": 29.92
      },
      "after": {
            "train_corrupted": 100.0,
            "test_identity": 77.4,
            "test_corrupted": 73.69
      }
}