{
      "Time": 32.596789706498384,
      "before": {
            "train_corrupted": 35.69711538461539,
            "test_identity": 81.04,
            "test_corrupted": 35.96
      },
      "after": {
            "train_corrupted": 100.0,
            "test_identity": 73.52,
            "test_corrupted": 42.38
      }
}