{
      "Time": 9.964229129254818,
      "before": {
            "train_corrupted": 56.06694560669456,
            "test_identity": 87.87,
            "test_corrupted": 31.979999999999997
      },
      "after": {
            "train_corrupted": 100.0,
            "test_identity": 83.48,
            "test_corrupted": 53.98
      }
}