{
      "Time": 264.89778082072735,
      "before": {
            "train_corrupted": 17.404129793510325,
            "test_identity": 87.87,
            "test_corrupted": 31.979999999999997
      },
      "after": {
            "train_corrupted": 100.0,
            "test_identity": 86.53999999999999,
            "test_corrupted": 47.12
      }
}