{
      "Time": 447.1820523068309,
      "before": {
            "train_corrupted": 48.58156028368794,
            "test_identity": 97.87,
            "test_corrupted": 29.92
      },
      "after": {
            "train_corrupted": 100.0,
            "test_identity": 96.27,
            "test_corrupted": 52.94
      }
}