{
      "Time": 4.341215495020151,
      "before": {
            "train_corrupted": 20.036764705882355,
            "test_identity": 97.87,
            "test_corrupted": 29.92
      },
      "after": {
            "train_corrupted": 100.0,
            "test_identity": 90.48,
            "test_corrupted": 68.33
      }
}