{
      "Time": 4.178711015731096,
      "before": {
            "train_corrupted": 46.81372549019608,
            "test_identity": 97.87,
            "test_corrupted": 29.92
      },
      "after": {
            "train_corrupted": 100.0,
            "test_identity": 94.84,
            "test_corrupted": 60.89
      }
}