{
      "Time": 2991.9991114623845,
      "before": {
            "train_corrupted": 24.81203007518797,
            "test_identity": 81.04,
            "test_corrupted": 35.96
      },
      "after": {
            "train_corrupted": 100.0,
            "test_identity": 74.32,
            "test_corrupted": 38.23
      }
}