{
      "Time": 7.507343426346779,
      "before": {
            "train_corrupted": 14.390243902439023,
            "test_identity": 87.87,
            "test_corrupted": 31.979999999999997
      },
      "after": {
            "train_corrupted": 100.0,
            "test_identity": 76.3,
            "test_corrupted": 57.93000000000001
      }
}