{
      "Time": 3.667365826666355,
      "before": {
            "train_corrupted": 50.22935779816514,
            "test_identity": 97.87,
            "test_corrupted": 29.92
      },
      "after": {
            "train_corrupted": 100.0,
            "test_identity": 94.94,
            "test_corrupted": 60.79
      }
}