{
      "Time": 571.3456967808306,
      "before": {
            "train_corrupted": 56.845238095238095,
            "test_identity": 97.87,
            "test_corrupted": 29.92
      },
      "after": {
            "train_corrupted": 100.0,
            "test_identity": 96.36,
            "test_corrupted": 53.1
      }
}