{
      "Time": 3.0132512114942074,
      "before": {
            "train_corrupted": 48.58156028368794,
            "test_identity": 97.87,
            "test_corrupted": 29.92
      },
      "after": {
            "train_corrupted": 100.0,
            "test_identity": 94.24,
            "test_corrupted": 63.7
      }
}