{
      "Time": 5078.877387210727,
      "before": {
            "train_corrupted": 33.06613226452906,
            "test_identity": 81.04,
            "test_corrupted": 35.96
      },
      "after": {
            "train_corrupted": 100.0,
            "test_identity": 71.82,
            "test_corrupted": 38.6
      }
}