{
      "Time": 29.033062782138586,
      "before": {
            "train_corrupted": 22.837370242214533,
            "test_identity": 81.04,
            "test_corrupted": 35.96
      },
      "after": {
            "train_corrupted": 100.0,
            "test_identity": 70.64,
            "test_corrupted": 42.32
      }
}