{
      "Time": 22.603954430669546,
      "before": {
            "train_corrupted": 29.716193656093488,
            "test_identity": 87.87,
            "test_corrupted": 31.979999999999997
      },
      "after": {
            "train_corrupted": 100.0,
            "test_identity": 75.76,
            "test_corrupted": 59.79
      }
}