{
      "Time": 294.6447315439582,
      "before": {
            "train_corrupted": 55.9748427672956,
            "test_identity": 87.87,
            "test_corrupted": 31.979999999999997
      },
      "after": {
            "train_corrupted": 100.0,
            "test_identity": 87.12,
            "test_corrupted": 40.150000000000006
      }
}