{
      "Time": 2.9005923718214035,
      "before": {
            "train_corrupted": 43.02554027504912,
            "test_identity": 97.87,
            "test_corrupted": 29.92
      },
      "after": {
            "train_corrupted": 100.0,
            "test_identity": 94.25,
            "test_corrupted": 63.49
      }
}