{
      "Time": 2.2653262838721275,
      "before": {
            "train_corrupted": 27.424749163879596,
            "test_identity": 97.87,
            "test_corrupted": 29.92
      },
      "after": {
            "train_corrupted": 100.0,
            "test_identity": 94.66,
            "test_corrupted": 60.0
      }
}