{
      "Time": 35.83497082069516,
      "before": {
            "train_corrupted": 14.122681883024251,
            "test_identity": 81.04,
            "test_corrupted": 35.96
      },
      "after": {
            "train_corrupted": 100.0,
            "test_identity": 72.49,
            "test_corrupted": 42.59
      }
}