{
      "Time": 3.362320002168417,
      "before": {
            "train_corrupted": 13.898305084745763,
            "test_identity": 97.87,
            "test_corrupted": 29.92
      },
      "after": {
            "train_corrupted": 100.0,
            "test_identity": 88.86,
            "test_corrupted": 68.05
      }
}