{
      "Time": 10454.579010527581,
      "before": {
            "train_corrupted": 39.69924812030075,
            "test_identity": 81.04,
            "test_corrupted": 35.96
      },
      "after": {
            "train_corrupted": 100.0,
            "test_identity": 70.35,
            "test_corrupted": 38.73
      }
}