{
      "Time": 619.2460209615529,
      "before": {
            "train_corrupted": 32.08430913348946,
            "test_identity": 97.87,
            "test_corrupted": 29.92
      },
      "after": {
            "train_corrupted": 100.0,
            "test_identity": 95.91,
            "test_corrupted": 59.940000000000005
      }
}