{
      "Time": 5.914718180894852,
      "before": {
            "train_corrupted": 41.44645340751043,
            "test_identity": 87.87,
            "test_corrupted": 31.979999999999997
      },
      "after": {
            "train_corrupted": 100.0,
            "test_identity": 77.52,
            "test_corrupted": 60.019999999999996
      }
}