{
      "Time": 7.391596991568804,
      "before": {
            "train_corrupted": 17.508813160987074,
            "test_identity": 87.87,
            "test_corrupted": 31.979999999999997
      },
      "after": {
            "train_corrupted": 100.0,
            "test_identity": 70.85000000000001,
            "test_corrupted": 62.35000000000001
      }
}