{
      "Time": 416.9282779991627,
      "before": {
            "train_corrupted": 23.28125,
            "test_identity": 87.87,
            "test_corrupted": 31.979999999999997
      },
      "after": {
            "train_corrupted": 100.0,
            "test_identity": 84.58,
            "test_corrupted": 51.82
      }
}