{
      "Time": 549.5530373081565,
      "before": {
            "train_corrupted": 12.36111111111111,
            "test_identity": 87.87,
            "test_corrupted": 31.979999999999997
      },
      "after": {
            "train_corrupted": 100.0,
            "test_identity": 82.89999999999999,
            "test_corrupted": 53.839999999999996
      }
}