{
      "Time": 1907.7750970199704,
      "before": {
            "train_corrupted": 18.426966292134832,
            "test_identity": 97.87,
            "test_corrupted": 29.92
      },
      "after": {
            "train_corrupted": 100.0,
            "test_identity": 89.45,
            "test_corrupted": 72.33000000000001
      }
}