{
      "Time": 40.27032522857189,
      "before": {
            "train_corrupted": 12.359550561797752,
            "test_identity": 81.04,
            "test_corrupted": 35.96
      },
      "after": {
            "train_corrupted": 100.0,
            "test_identity": 74.68,
            "test_corrupted": 42.25
      }
}